f1,f2,f3,f4,f5,f6,f7,f8,f9,f10,f11,f12,f13,f14,f15,f16,f17,f18,f19,f20,f21,f22,f23,f24,f25,f26,f27,f28,f29,f30,f31,f32,f33,f34,f35,f36,f37,f38,f39,f40,f41,f42,f43,f44,f45,f46,f47,f48,f49,f50,f51,f52,f53,f54,f55,f56,f57,f58,f59,f60,f61,f62,f63,f64,f65,f66,f67,f68,f69,f70,f71,f72,f73,f74,f75,f76,f77,f78,label
0.178993623,0.072523278,0.054006697,0.040890785,0.004629145,0.008486767,0,0,0.018516582,0.007715242,0.040890785,0.034718591,0.018516582,0.0254603,0.003086097,0.06017889,0.010801339,0.006172194,0.006943718,0.002314573,0.009258291,0.013115912,0.010801339,0.002314573,0.000771524,0.000771524,0.000771524,0.047834503,0.008486767,0.003086097,0.003086097,0.001543048,0.026231824,0.003857621,0.003857621,0.003086097,0.008486767,0.004629145,0.00540067,0.008486767,0.003086097,0.003857621,0,0.006943718,0.000771524,0.001543048,0,0.003086097,0.032404018,0.016973533,0.006172194,0.006943718,0.004629145,0.001543048,0.008486767,0.043205357,0.011572864,0.050149075,0.012344388,0.020831154,0.016973533,0.011572864,0.015430485,0.003857621,0.003857621,0,0,0.010801339,0,0,0.007715242,0.003086097,0,0,0.185937341,0.316324937,0.043976881,0.351043527,patient
0.354255145,0.139887813,0.10360292,0.07638925,0.001909731,0.013845551,0.008116358,0.00334203,0.036284894,0.023871641,0.053949908,0.063498564,0.055859639,0.04583355,0.012890686,0.126997128,0.01861988,0.010980955,0.012890686,0.006206627,0.008116358,0.023394208,0.017665014,0.005729194,0.000477433,0.002387164,0.001432298,0.05776937,0.003819462,0.004296895,0.006684059,0.003819462,0.080686145,0.022439342,0.017665014,0.009548656,0.016232716,0.005729194,0.01861988,0.014322984,0.004296895,0.004296895,0.005251761,0.013368119,0.002864597,0.006206627,0,0.005729194,0.029123401,0.010503522,0.004774328,0.007161492,0.006206627,0.001432298,0.021484476,0.09691886,0.009071223,0.057291937,0.011458387,0.01861988,0.027691103,0.009548656,0.013845551,0.00334203,0.007161492,0.000954866,0.000477433,0.014322984,0.000477433,0.000954866,0.010026089,0.002387164,0.000477433,0,0.192882855,0.551912329,0.061588833,0.585810058,patient
0.194288504,0.069807176,0.055162314,0.047351721,0.000488162,0.005857945,0.000976324,0.000488162,0.014644862,0.019038321,0.031730535,0.038076641,0.023431779,0.020990969,0.022455455,0.078594093,0.016109348,0.008298755,0.009763241,0.005857945,0.007810593,0.013668538,0.006346107,0.007322431,0.001464486,0.001464486,0.000976324,0.025384428,0.001952648,0.000976324,0.003905297,0.000488162,0.055650476,0.022943617,0.009275079,0.006834269,0.006834269,0.003905297,0.009763241,0.007810593,0.00244081,0.004881621,0.000488162,0.009763241,0.000976324,0.004881621,0,0.003417134,0.020014645,0.004393459,0.005369783,0.008298755,0.001464486,0.002928972,0.015621186,0.060043935,0.006346107,0.055162314,0.005369783,0.015621186,0.035147669,0.009763241,0.009275079,0.000488162,0.002928972,0.000488162,0.000976324,0.001952648,0,0,0.000976324,0.000976324,0,0,0.175738345,0.342689773,0.052721504,0.378813766,patient
0.288446678,0.107011516,0.077506283,0.043597284,0.005724896,0.005724896,0.017174688,0.005284519,0.029505233,0.029505233,0.054606699,0.042716531,0.02862448,0.04932218,0.006165273,0.089836828,0.016734311,0.009247909,0.009688285,0.008367156,0.007046026,0.020697701,0.013651675,0.007046026,0.000440377,0.000440377,0.003082636,0.07794666,0.010569039,0.004403766,0.022459207,0.006165273,0.045358791,0.007926779,0.003082636,0.008367156,0.012770922,0.004844143,0.020257324,0.016293935,0.007046026,0.005724896,0.003523013,0.008807532,0.003523013,0.002201883,0,0.00132113,0.041395401,0.017615064,0.010569039,0.011009415,0.007046026,0.000440377,0.010569039,0.070900634,0.019816947,0.092919464,0.015853558,0.02862448,0.05064331,0.014092051,0.005284519,0.00264226,0.004844143,0.000880753,0.000880753,0.003963389,0,0.000440377,0.001761506,0.00132113,0.000440377,0,0.173508384,0.471643347,0.041835778,0.497625567,patient
0.171491621,0.064309358,0.049303841,0.038585615,0.003215468,0.004287291,0,0.003215468,0.015005517,0.009646404,0.041801083,0.028939211,0.011790049,0.018220985,0.011790049,0.058950245,0.019292807,0.010718226,0.004287291,0.001071823,0.008574581,0.027867388,0.024651921,0.003215468,0.001071823,0.002143645,0,0.03644197,0.003215468,0.004287291,0.002143645,0.002143645,0.035370147,0.009646404,0.007502758,0.004287291,0.005359113,0.002143645,0.010718226,0.008574581,0.005359113,0,0.002143645,0.010718226,0.002143645,0.006430936,0.001071823,0,0.027867388,0.013933694,0.007502758,0.006430936,0.005359113,0,0.012861872,0.04072926,0.004287291,0.052519309,0.004287291,0.026795566,0.02036463,0.012861872,0.011790049,0,0.004287291,0,0,0.007502758,0,0,0.006430936,0.001071823,0,0,0.212220881,0.306541273,0.052519309,0.33762413,patient
0.295740103,0.107103267,0.070919731,0.051621845,0.001929789,0.01013139,0.00337713,0.003859577,0.036183536,0.025087252,0.052586739,0.067060154,0.034736195,0.032323959,0.020745227,0.112892633,0.018332992,0.01013139,0.009166496,0.004342024,0.009648943,0.020745227,0.01350852,0.00675426,0.001447341,0.002412236,0.001929789,0.047762268,0.003859577,0.003859577,0.00337713,0.003859577,0.06271813,0.014473415,0.01013139,0.009648943,0.013026073,0.005306919,0.02026278,0.007236707,0.002412236,0.003859577,0.000964894,0.00675426,0.000964894,0.001447341,0.000482447,0.002894683,0.032323959,0.011578732,0.003859577,0.005789366,0.011096284,0.001447341,0.018332992,0.082498463,0.011096284,0.068025048,0.013990967,0.029911723,0.025569699,0.007719154,0.01350852,0.002894683,0.002412236,0.000964894,0.000482447,0.012061179,0.000964894,0.000482447,0.007236707,0.002894683,0,0,0.18960173,0.460254581,0.056928764,0.497885459,patient
0.188463133,0.077153351,0.050631886,0.030138028,0.005223925,0.012858892,0.002009202,0.00040184,0.026521464,0.019288338,0.037772995,0.033754591,0.019690178,0.018886497,0.002812883,0.067509182,0.009644169,0.008438648,0.013260732,0.004018404,0.008036807,0.02169938,0.015671774,0.006027606,0.00040184,0.002009202,0.002411042,0.04339876,0.004420244,0.001205521,0.002812883,0.002812883,0.035361952,0.006831286,0.006831286,0.005223925,0.006429446,0.006027606,0.008840488,0.020092018,0.008438648,0.006429446,0.004018404,0.008438648,0.001607361,0.002009202,0,0.004018404,0.025315943,0.010046009,0.002009202,0.007634967,0.005625765,0.001205521,0.013662573,0.050230046,0.010046009,0.046613483,0.006429446,0.017279136,0.023708582,0.003616563,0.012055211,0,0.001607361,0.000803681,0.000803681,0.009644169,0.00040184,0.001607361,0.004018404,0.003616563,0,0,0.161941669,0.320668614,0.036567474,0.363665534,patient
0.160691715,0.056103573,0.032553925,0.017315918,0.000692637,0.011774824,0.000692637,0.00207791,0.023549648,0.020086464,0.039480292,0.030476015,0.009004277,0.014545371,0.004848457,0.065800487,0.00831164,0.003463184,0.013160097,0.001385273,0.003463184,0.015238007,0.009696914,0.005541094,0.001385273,0.00207791,0.001385273,0.031861288,0.001385273,0.000692637,0.001385273,0.000692637,0.030476015,0.00623373,0.006926367,0.00623373,0.00415582,0.00623373,0.00623373,0.009004277,0.001385273,0.006926367,0.000692637,0.011774824,0.001385273,0.00207791,0.000692637,0.006926367,0.026320195,0.00623373,0.004848457,0.011082187,0.00623373,0,0.007619004,0.050562479,0.007619004,0.056103573,0.011774824,0.026320195,0.018701191,0.009696914,0.013852734,0.002770547,0.000692637,0.000692637,0.00207791,0.003463184,0.000692637,0.001385273,0.001385273,0,0,0,0.17454445,0.283981049,0.046406659,0.324153978,patient
0.233966437,0.087074888,0.062845354,0.041644511,0,0.004543038,0.004543038,0.012114767,0.024229534,0.03104409,0.055273624,0.03104409,0.020443669,0.017414978,0.009086075,0.077988812,0.01817215,0.009086075,0.006057383,0.006814556,0.009086075,0.017414978,0.009843248,0.006814556,0.001514346,0.003028692,0.000757173,0.048459068,0.003028692,0.005300211,0.006057383,0.003028692,0.046944722,0.010600421,0.002271519,0.008328902,0.015900632,0.008328902,0.007571729,0.01817215,0.011357594,0.003785865,0.003028692,0.01287194,0.003785865,0.003785865,0,0.005300211,0.028772572,0.010600421,0.004543038,0.007571729,0.006814556,0,0.015900632,0.061331008,0.006057383,0.0643597,0.009843248,0.036344301,0.018929323,0.006814556,0.013629113,0.006057383,0.001514346,0,0,0.006814556,0,0.002271519,0.003785865,0,0,0,0.211251249,0.391458408,0.05148776,0.433860092,patient
0.11977704,0.034560173,0.021777644,0.017043373,0.001420281,0.002367135,0.000473427,0.000473427,0.01278253,0.014676238,0.022724498,0.020830789,0.010888822,0.014202811,0.011835676,0.04781613,0.010888822,0.003787416,0.003313989,0.002840562,0.002367135,0.013729384,0.009941968,0.003313989,0.000473427,0.001420281,0.000473427,0.026511914,0.002367135,0.00473427,0,0.001420281,0.022724498,0.003313989,0.002840562,0.004260843,0.006627978,0.001420281,0.009941968,0.011362249,0.003313989,0.006154551,0.001420281,0.002840562,0.001893708,0,0.000473427,0.000473427,0.021777644,0.010888822,0.003787416,0.003313989,0.003787416,0.000946854,0.00473427,0.035507028,0.005207697,0.037874163,0.008521687,0.010888822,0.018463654,0.008995114,0.007574833,0.003787416,0.000473427,0.000946854,0,0.004260843,0,0.000473427,0.001893708,0.001420281,0,0,0.127351872,0.218249863,0.036927309,0.242394641,patient
0.219763757,0.082981335,0.054712968,0.043770375,0.000911883,0.007295062,0.001823766,0.000911883,0.028268367,0.020061422,0.053801086,0.034651547,0.021885187,0.027356484,0.005471297,0.069303093,0.009118828,0.004559414,0.016413891,0,0.005471297,0.010942594,0.003647531,0.00638318,0.004559414,0,0,0.031915898,0.002735648,0.000911883,0.002735648,0.002735648,0.034651547,0.002735648,0.009118828,0.004559414,0.010030711,0.003647531,0.007295062,0.021885187,0.004559414,0.013678242,0.003647531,0.016413891,0.009118828,0.001823766,0,0.005471297,0.016413891,0.003647531,0.000911883,0.007295062,0.003647531,0.001823766,0.008206945,0.0583605,0.011854476,0.057448617,0.010942594,0.023708953,0.026444601,0.010030711,0.012766359,0.008206945,0.014590125,0.001823766,0,0.005471297,0.000911883,0.000911883,0.002735648,0.000911883,0,0,0.239825178,0.372960068,0.059272382,0.439527513,patient
0.13077811,0.043223274,0.034911106,0.028815516,0.000554145,0.001662434,0.003324867,0.000554145,0.008312168,0.008866313,0.028261371,0.026598938,0.013299469,0.020503348,0.005541445,0.047102285,0.014407758,0.008312168,0.003324867,0,0.004433156,0.01219118,0.007203879,0.004987301,0.002216578,0.000554145,0.001108289,0.016624336,0.002770723,0.001108289,0.002770723,0.001662434,0.02936966,0.007203879,0.004433156,0.003324867,0.007203879,0.001662434,0.010528746,0.00609559,0.002216578,0.001662434,0.002216578,0.009420457,0.001662434,0.006649734,0,0.001108289,0.009974602,0.003879012,0.002216578,0.002216578,0.001108289,0.000554145,0.002216578,0.038790117,0.009420457,0.030477949,0.00609559,0.014407758,0.011082891,0.008866313,0.002216578,0.003324867,0.002216578,0.001108289,0,0.002770723,0,0,0.002770723,0,0,0,0.122465942,0.218332946,0.027707227,0.235511427,patient
0.233453589,0.090826928,0.068120196,0.058186001,0.000709585,0.005676683,0.001419171,0.002128756,0.022706732,0.019868391,0.059605172,0.03831761,0.020577976,0.022706732,0.002838342,0.082311904,0.014901293,0.007095854,0.007805439,0.001419171,0.00922461,0.021287561,0.017030049,0.004257512,0,0,0.003547927,0.034769683,0.003547927,0.000709585,0.002838342,0.002128756,0.039736781,0.007095854,0.007095854,0.00922461,0.016320464,0.002128756,0.008515025,0.016320464,0.007805439,0.004967098,0.002838342,0.011353366,0.004257512,0.001419171,0.000709585,0.004257512,0.033350513,0.012062951,0.013482122,0.006386268,0.005676683,0,0.007805439,0.057476415,0.01844922,0.069539367,0.010643781,0.023416317,0.037608025,0.017739634,0.017030049,0.003547927,0.008515025,0.002128756,0.000709585,0.001419171,0,0,0,0.001419171,0,0,0.207908515,0.400206152,0.070248952,0.449877128,patient
0.464540775,0.157273993,0.114314893,0.083733839,0.005824963,0.008009324,0.008009324,0.008737444,0.041502859,0.050968424,0.095383764,0.077180756,0.062618349,0.052424664,0.015290527,0.149264669,0.025484212,0.018931129,0.013106166,0.008737444,0.024756091,0.04368722,0.028396693,0.014562407,0.003640602,0.005096842,0.002912481,0.069899552,0.010193685,0.00072812,0.014562407,0.001456241,0.096111884,0.018931129,0.018203008,0.013834286,0.018931129,0.013834286,0.018931129,0.016746768,0.006553083,0.005096842,0.004368722,0.011649925,0.001456241,0.002912481,0,0.004368722,0.059705868,0.016018647,0.012378046,0.016018647,0.013834286,0.005096842,0.02257173,0.116499254,0.016018647,0.10776181,0.013106166,0.047327822,0.051696544,0.029124813,0.010193685,0.002912481,0.003640602,0.00072812,0.00072812,0.005824963,0,0.001456241,0.003640602,0.00072812,0,0,0.279598209,0.737585901,0.104849328,0.792194926,patient
0.303435028,0.123290443,0.091988724,0.070907975,0.001916432,0.008943348,0.007665727,0.002555242,0.031301719,0.019803128,0.059409384,0.047910794,0.039606256,0.038967446,0.010220969,0.1085978,0.014692643,0.012776212,0.017247886,0.006388106,0.008304538,0.026830045,0.020441939,0.006388106,0.001916432,0.003194053,0.001277621,0.045994362,0.003194053,0.001916432,0.005110485,0.005110485,0.077296081,0.015331454,0.017247886,0.009582159,0.020441939,0.008943348,0.014692643,0.024913613,0.008304538,0.015970265,0.000638811,0.007026916,0.001277621,0.001277621,0.000638811,0.002555242,0.025552423,0.007665727,0.004471674,0.004471674,0.010220969,0.001916432,0.013415022,0.093266346,0.004471674,0.052382468,0.008304538,0.017247886,0.030024098,0.007665727,0.017247886,0.004471674,0.004471674,0.000638811,0,0.01085978,0.001277621,0.002555242,0.004471674,0.002555242,0,0,0.19675366,0.474636265,0.055576521,0.50146631,patient
0.282683602,0.108773108,0.081579831,0.055651358,0.003162009,0.004426813,0.012015634,0.006324018,0.027193277,0.028458081,0.062607778,0.039841313,0.021501661,0.036679304,0.007588822,0.103081492,0.017074848,0.012015634,0.007588822,0.005059214,0.01075083,0.029090482,0.023398866,0.005691616,0.001264804,0.002529607,0.001897205,0.062607778,0.001897205,0.008221223,0.004426813,0.010118429,0.070829001,0.014545241,0.00695642,0.012648036,0.022766465,0.004426813,0.019604456,0.022766465,0.007588822,0.012648036,0.002529607,0.014545241,0.004426813,0.003162009,0,0.004426813,0.041738518,0.020236857,0.003794411,0.012015634,0.007588822,0.000632402,0.019604456,0.077153019,0.013912839,0.083477037,0.016442447,0.030987688,0.036679304,0.019604456,0.014545241,0.006324018,0.003794411,0.001897205,0.000632402,0.006324018,0.000632402,0.001264804,0.003162009,0.001264804,0,0,0.235253467,0.506553837,0.073358608,0.555881176,patient
0.081423995,0.030830445,0.023715727,0.015810484,0.000790524,0.006324194,0,0.000790524,0.007114718,0.008695766,0.018182057,0.01501996,0.009486291,0.003162097,0.002371573,0.033992542,0.009486291,0.00553367,0.003952621,0.002371573,0.001581048,0.011067339,0.008695766,0.002371573,0,0,0.000790524,0.021344154,0.001581048,0.001581048,0,0.000790524,0.019763106,0.00553367,0.004743145,0.00553367,0,0.002371573,0.001581048,0.011067339,0.003162097,0.007114718,0.000790524,0.006324194,0.003162097,0.001581048,0,0.002371573,0.014229436,0.004743145,0.003162097,0.004743145,0.003952621,0.001581048,0.004743145,0.024506251,0,0.02055363,0.002371573,0.006324194,0.011857863,0.003162097,0.012648388,0,0.002371573,0,0,0.003162097,0,0.001581048,0.000790524,0.000790524,0,0,0.123321779,0.151780651,0.024506251,0.177077426,patient
0.204287805,0.07183747,0.058816928,0.043551466,0.004040858,0.008979684,0.000897968,0.001346953,0.013020541,0.013020541,0.055674039,0.030979909,0.01930632,0.030530925,0.008081715,0.070041533,0.017510383,0.006734763,0.005836794,0.001795937,0.012122573,0.020653273,0.015714447,0.004489842,0.000897968,0.001346953,0.000897968,0.046245371,0.003142889,0.002693905,0.001346953,0.000897968,0.050735213,0.009428668,0.009428668,0.006285779,0.018857336,0.005836794,0.010326636,0.017959367,0.008979684,0.004489842,0.004040858,0.011673589,0.002244921,0.006734763,0.001346953,0.002244921,0.033673814,0.015714447,0.004489842,0.010326636,0.003142889,0.001346953,0.007183747,0.063755754,0.007183747,0.061061849,0.009877652,0.024245146,0.026939051,0.016612415,0.019755304,0.004040858,0.008979684,0.001795937,0.000448984,0.006285779,0,0.000897968,0.004938826,0,0,0,0.225390061,0.39151421,0.064653723,0.461106759,patient
0.306873873,0.108027251,0.08078144,0.065963543,0.001911987,0.003345977,0.000955993,0.00860394,0.027245811,0.021509851,0.066919536,0.049711655,0.026767814,0.050189652,0.018163874,0.114241208,0.013861904,0.015773891,0.008125944,0.00286798,0.00860394,0.023421838,0.016729884,0.006213957,0,0.000955993,0.001911987,0.047321672,0.003823973,0.006213957,0.003345977,0.003345977,0.0865174,0.018163874,0.015773891,0.019597864,0.015295894,0.005257964,0.020075861,0.022943841,0.010993924,0.006213957,0.00573596,0.006213957,0.00286798,0.00286798,0.000955993,0,0.033459768,0.012905911,0.006213957,0.008125944,0.006691954,0.00430197,0.009559934,0.104203278,0.006213957,0.056881606,0.014339901,0.021509851,0.021031854,0.011949917,0.012427914,0.00143399,0.00286798,0.00143399,0.000477997,0.00573596,0.000477997,0.00143399,0.003345977,0.000477997,0,0,0.166342847,0.490902598,0.054013626,0.513368442,patient
0.14135569,0.053566367,0.035710911,0.029015115,0.000743977,0.003719887,0.001487955,0.000743977,0.017855456,0.008927728,0.035710911,0.023063297,0.013391592,0.017855456,0.005951819,0.05282239,0.010415682,0.005207841,0.005207841,0.001487955,0.002231932,0.017855456,0.013391592,0.003719887,0,0.000743977,0.001487955,0.026783183,0.002975909,0.004463864,0.004463864,0.002231932,0.027527161,0.005207841,0.006695796,0.002975909,0.00818375,0.003719887,0.006695796,0.008927728,0.002975909,0.003719887,0.001487955,0.005207841,0.001487955,0.001487955,0,0.002231932,0.025295229,0.00818375,0.008927728,0.005207841,0.003719887,0.002231932,0.00818375,0.037198866,0.00818375,0.043894662,0.008927728,0.021575342,0.014879546,0.014135569,0.006695796,0.002975909,0.003719887,0.000743977,0.000743977,0.005207841,0.000743977,0.001487955,0.002975909,0.000743977,0,0,0.20236183,0.258904107,0.046870571,0.310982519,patient
0.716053967,0.245079837,0.181953212,0.14605768,0.004951108,0.012996658,0.008664439,0.009283327,0.063126625,0.05693774,0.151008788,0.118826587,0.074885506,0.128728803,0.021042208,0.243223171,0.038371086,0.034038866,0.012996658,0.010521104,0.02846887,0.047035524,0.030944424,0.014853323,0.003094442,0.003094442,0.006807773,0.092214383,0.003713331,0.006807773,0.009283327,0.004951108,0.191236539,0.049511078,0.021042208,0.022279985,0.074885506,0.014853323,0.042703305,0.024136651,0.006188885,0.007426662,0.009902216,0.022279985,0.007426662,0.007426662,0,0.00804555,0.07302884,0.037133309,0.015472212,0.013615546,0.011139993,0.003094442,0.029706647,0.172050996,0.037133309,0.159054338,0.024136651,0.060651071,0.075504394,0.02846887,0.026612204,0.006188885,0.004951108,0.001237777,0,0.015472212,0.000618888,0.001856665,0.009283327,0.003094442,0.000618888,0,0.362049759,1.112142592,0.164624335,1.19816809,patient
0.112717862,0.036154786,0.028356695,0.014887265,0.002835669,0.006380256,0.003544587,0.000708917,0.007798091,0.012051595,0.02977453,0.015596182,0.014887265,0.017722934,0.003544587,0.038281538,0.014178347,0.006380256,0.004253504,0.002835669,0.003544587,0.011342678,0.007798091,0.002835669,0.000708917,0.000708917,0.001417835,0.030483447,0.002126752,0.003544587,0.002126752,0.003544587,0.020558604,0.004253504,0.002835669,0.002835669,0.004962422,0.001417835,0.004253504,0.009924843,0.003544587,0.004962422,0.001417835,0.004962422,0.001417835,0.002126752,0,0.002126752,0.017014017,0.008507008,0.002126752,0.002835669,0.002835669,0.000708917,0.002126752,0.033319117,0.004253504,0.033319117,0.005671339,0.015596182,0.012051595,0.003544587,0.006380256,0.001417835,0.004253504,0.000708917,0.003544587,0.002126752,0,0,0.001417835,0.000708917,0,0,0.15667074,0.203459286,0.04040829,0.244576494,patient
0.166547262,0.064691912,0.052304099,0.050239463,0.000688212,0.000688212,0.000688212,0,0.012387813,0.014452448,0.039228074,0.028904897,0.013764237,0.00757033,0.008946754,0.052992311,0.009634966,0.00757033,0.002064635,0.001376424,0.004129271,0.011011389,0.008258542,0.002752847,0.000688212,0.000688212,0.000688212,0.026840261,0.006193906,0.002752847,0.004129271,0.002752847,0.03785165,0.00757033,0.008258542,0.009634966,0.008946754,0.002064635,0.004129271,0.00757033,0.003441059,0.002752847,0.001376424,0.01514066,0.006193906,0.002064635,0.000688212,0.006193906,0.019269931,0.008946754,0.001376424,0.006193906,0.004129271,0,0.004817483,0.044733769,0.00757033,0.039916286,0.006882118,0.015828872,0.016517084,0.002752847,0.014452448,0.002064635,0.001376424,0.000688212,0,0.009634966,0.001376424,0,0.00757033,0.000688212,0,0,0.169300109,0.294554662,0.040604498,0.330341677,patient
0.214370262,0.068842482,0.055771125,0.049671158,0.000871424,0.005228543,0,0,0.013071357,0.020914172,0.048799734,0.033114105,0.02265702,0.028756986,0.012199934,0.071456754,0.008714238,0.006099967,0.003485695,0.006099967,0.008714238,0.010457086,0.007842814,0.001742848,0.000871424,0,0,0.02265702,0.002614271,0.003485695,0,0.003485695,0.046185463,0.006099967,0.004357119,0.009585662,0.021785596,0.004357119,0.0182999,0.009585662,0.003485695,0.001742848,0.002614271,0.013071357,0.005228543,0.002614271,0.000871424,0.004357119,0.019171324,0.005228543,0.006099967,0.002614271,0.005228543,0,0.003485695,0.060128244,0.009585662,0.05228543,0.015685629,0.0182999,0.016557053,0.01132851,0.006971391,0.002614271,0.000871424,0.000871424,0,0.005228543,0,0.000871424,0.003485695,0.001742848,0,0,0.206527447,0.352055227,0.05228543,0.402597809,healthy
0.229561848,0.091824739,0.072876777,0.060487725,0.000728768,0.005830142,0.005101374,0.000728768,0.018947962,0.010931517,0.043726066,0.033523318,0.022591801,0.034252085,0.014575355,0.071419242,0.011660284,0.008016445,0.002186303,0.005830142,0.007287678,0.015304123,0.011660284,0.003643839,0.000728768,0.002186303,0.000728768,0.03279455,0.008745213,0.000728768,0.007287678,0.005101374,0.05903019,0.007287678,0.007287678,0.008745213,0.020405498,0.008016445,0.01967673,0.009473981,0.005101374,0.003643839,0.000728768,0.010202749,0.001457536,0.001457536,0,0.00655891,0.021863033,0.003643839,0.003643839,0.009473981,0.00655891,0.000728768,0.013846588,0.04591237,0.010202749,0.059758957,0.010202749,0.024049336,0.02623564,0.00655891,0.007287678,0.003643839,0.002186303,0,0.000728768,0.014575355,0,0.000728768,0.011660284,0.002186303,0,0,0.183649479,0.363655118,0.047369905,0.390619526,healthy
0.742872266,0.22312188,0.137255734,0.086516647,0.009757517,0.028622049,0.003252506,0.009107016,0.085215645,0.06439961,0.188645322,0.132702226,0.097575166,0.135304231,0.018214031,0.253695432,0.053991592,0.060496603,0.019515033,0.009107016,0.033826058,0.053341091,0.043583574,0.009757517,0.001301002,0.003252506,0.002602004,0.100827672,0.003903007,0.003252506,0.003252506,0.001301002,0.160023273,0.026670545,0.02927255,0.013010022,0.056593596,0.00585451,0.04098157,0.02341804,0.006505011,0.003903007,0.01170902,0.019515033,0.007806013,0.003903007,0.000650501,0.007155512,0.083914643,0.02927255,0.016913029,0.016262528,0.020816035,0.003903007,0.03512706,0.178237304,0.025369543,0.172382794,0.030573552,0.073506625,0.07025412,0.047486581,0.018214031,0.002602004,0.007155512,0.001951503,0,0.027321047,0.002602004,0.007155512,0.013660523,0.003252506,0,0,0.379242146,1.147483956,0.173683796,1.230748098,healthy
0.451885198,0.160147666,0.111991375,0.084553488,0.005039612,0.010639181,0.006719482,0.005039612,0.048156291,0.03583724,0.094632712,0.075034221,0.044236593,0.056555644,0.01791862,0.138869305,0.034717326,0.020718404,0.007279439,0.009519267,0.011199137,0.029117757,0.017358663,0.011759094,0.002799784,0.003359741,0.002799784,0.057115601,0.003359741,0.006159526,0.005039612,0.004479655,0.094632712,0.012879008,0.016798706,0.013438965,0.023518189,0.008399353,0.034157369,0.013998922,0.005039612,0.006719482,0.001679871,0.011199137,0.002239827,0.003919698,0,0.004479655,0.044236593,0.013998922,0.007279439,0.013998922,0.006159526,0.005599569,0.024078146,0.092952841,0.024638102,0.131029909,0.016238749,0.054875774,0.063275127,0.020158447,0.010639181,0.008399353,0.013998922,0,0,0.014558879,0.000559957,0.002239827,0.010639181,0.000559957,0,0,0.262059817,0.699946093,0.086793316,0.748662342,healthy
0.449031849,0.15315815,0.118349479,0.077449292,0.010442601,0.011312818,0.013923468,0.005221301,0.03480867,0.040900188,0.098334494,0.082670592,0.049602355,0.058304523,0.007831951,0.156639017,0.02697672,0.013923468,0.015663902,0.006091517,0.012183035,0.022625636,0.020014985,0.00261065,0,0.000870217,0.001740434,0.079189725,0.008702168,0.001740434,0.004351084,0.021755419,0.086151459,0.012183035,0.018274552,0.017404335,0.021755419,0.009572384,0.015663902,0.017404335,0.011312818,0.004351084,0.001740434,0.017404335,0.006091517,0.001740434,0.00261065,0.007831951,0.052213006,0.020885202,0.008702168,0.015663902,0.008702168,0,0.012183035,0.129662297,0.02958737,0.125311214,0.018274552,0.048732139,0.06178539,0.012183035,0.013053251,0.009572384,0.004351084,0,0.000870217,0.004351084,0,0.001740434,0,0.000870217,0.001740434,0,0.287171531,0.694432975,0.082670592,0.740554463,healthy
0.205542732,0.068828529,0.048085685,0.038657119,0,0.005657139,0.001885713,0.001885713,0.020742844,0.016971418,0.051857111,0.046199972,0.016971418,0.019799988,0.006599996,0.072599956,0.012257135,0.008485709,0.004714283,0.000942857,0.010371422,0.014142849,0.014142849,0,0,0,0,0.02734284,0.003771426,0.000942857,0.00282857,0.003771426,0.03582855,0.000942857,0.003771426,0.010371422,0.007542853,0.010371422,0.008485709,0.012257135,0.008485709,0.001885713,0.000942857,0.010371422,0.00282857,0.003771426,0,0.004714283,0.016971418,0.00282857,0.003771426,0.006599996,0.005657139,0,0.014142849,0.047142828,0.013199992,0.062228533,0.007542853,0.019799988,0.03582855,0.012257135,0.006599996,0,0.000942857,0.000942857,0,0.001885713,0,0.000942857,0.000942857,0,0,0,0.185742744,0.328114085,0.03299998,0.352628356,healthy
0.328830777,0.109024108,0.074734267,0.060666641,0.001758453,0.009671493,0.001758453,0.000879227,0.03428984,0.0263768,0.072975814,0.054512054,0.037806747,0.050115921,0.01055072,0.102869521,0.019342987,0.01055072,0.006154587,0.00791304,0.012309173,0.014946853,0.008792267,0.006154587,0.000879227,0.001758453,0.001758453,0.03692752,0.00527536,0.003516907,0,0.004396133,0.071217361,0.0131884,0.01055072,0.00791304,0.02901448,0.007033813,0.011429947,0.011429947,0.004396133,0.007033813,0,0.017584534,0.004396133,0.003516907,0.000879227,0.009671493,0.03428984,0.012309173,0.00527536,0.01055072,0.00791304,0,0.007033813,0.073855041,0.02901448,0.099352614,0.020222214,0.035169067,0.04484056,0.01582608,0.011429947,0.006154587,0.003516907,0,0.001758453,0.009671493,0,0.000879227,0.00791304,0.000879227,0,0,0.247941923,0.521381419,0.073855041,0.561825846,healthy
0.363019669,0.099425769,0.065320418,0.04335426,0.00173417,0.01271725,0.001156114,0.006358625,0.034105351,0.02890284,0.094801315,0.060117907,0.048556771,0.049134828,0.019653931,0.120813871,0.028324783,0.017919761,0.008092795,0.004624454,0.022544215,0.029480897,0.023700329,0.005780568,0.001156114,0.000578057,0.000578057,0.055493453,0.002312227,0.004624454,0.001156114,0.002890284,0.093067144,0.012139193,0.013295306,0.010983079,0.020231988,0.013873363,0.031215067,0.013873363,0.005202511,0.005780568,0.001156114,0.012139193,0.00173417,0.005780568,0.000578057,0.004624454,0.04335426,0.01445142,0.012139193,0.008092795,0.009248909,0.002312227,0.01445142,0.103472167,0.009826966,0.095957428,0.016763647,0.047978714,0.035839521,0.022544215,0.013873363,0.00173417,0.006936682,0.001156114,0,0.007514738,0.000578057,0,0.005202511,0.00173417,0,0,0.272264752,0.598866842,0.10115994,0.660140863,healthy
0.408121491,0.136962805,0.098917582,0.061564089,0.008300776,0.02559406,0.002766925,0.000691731,0.038045224,0.036661761,0.095458925,0.069864865,0.035278298,0.051188119,0.014526358,0.126586835,0.036661761,0.02075194,0.013834627,0.005533851,0.016601552,0.035278298,0.027669254,0.005533851,0.000691731,0.001383463,0.001383463,0.073323522,0.002766925,0.003458657,0.006225582,0.001383463,0.079549104,0.026977522,0.011067701,0.008992507,0.015909821,0.006225582,0.017985015,0.013834627,0.007609045,0.004150388,0.002075194,0.011067701,0.004842119,0.002075194,0.001383463,0.003458657,0.056030239,0.022135403,0.014526358,0.017985015,0.008992507,0.000691731,0.008992507,0.100992776,0.013142895,0.105143164,0.017293284,0.047037731,0.042195612,0.03112791,0.02075194,0.006225582,0.005533851,0,0.000691731,0.013834627,0.001383463,0,0.009684239,0.002075194,0,0,0.322346805,0.670287669,0.119669522,0.748453311,healthy
0.173083398,0.05380831,0.037665817,0.030491376,0.00179361,0,0.003587221,0.00179361,0.016142493,0.017039298,0.030491376,0.042149843,0.022420129,0.017936103,0.013452078,0.060982752,0.012555272,0.007174441,0.008071247,0.004484026,0.009864857,0.008968052,0.007174441,0.00179361,0,0,0.000896805,0.032284986,0.000896805,0.005380831,0.002690416,0.003587221,0.033181791,0.005380831,0.00179361,0.005380831,0.007174441,0.003587221,0.011658467,0.008071247,0.002690416,0.005380831,0,0.007174441,0.000896805,0.00179361,0,0.004484026,0.018832909,0.013452078,0.00179361,0.003587221,0.000896805,0,0.008071247,0.037665817,0.009864857,0.040356233,0.005380831,0.014348883,0.020626519,0.005380831,0.010761662,0,0.00179361,0,0.000896805,0.003587221,0,0.000896805,0.002690416,0,0,0,0.18563867,0.278906408,0.054705115,0.321056251,healthy
0.362419169,0.121742873,0.080537593,0.053379568,0.003745935,0.015920222,0.004682418,0.002809451,0.04120528,0.023412091,0.087092979,0.071172757,0.033713411,0.050570117,0.014047255,0.115187488,0.023412091,0.038395829,0.007491869,0.006555385,0.009364836,0.037459346,0.032776927,0.004682418,0.000936484,0.001872967,0.001872967,0.063680888,0.003745935,0.005618902,0.001872967,0.002809451,0.067426822,0.014047255,0.004682418,0.01030132,0.024348575,0.008428353,0.022475607,0.016856706,0.009364836,0.004682418,0.001872967,0.006555385,0.002809451,0.000936484,0,0,0.038395829,0.023412091,0.005618902,0.006555385,0.005618902,0,0.011237804,0.086156495,0.017793189,0.073045724,0.012174287,0.026221542,0.033713411,0.009364836,0.016856706,0.003745935,0.007491869,0.002809451,0,0.016856706,0,0.000936484,0.011237804,0.004682418,0,0,0.256596517,0.559080733,0.069299789,0.608714366,healthy
0.265664582,0.08877244,0.052871821,0.036553358,0.003263693,0.013054771,0,0,0.035900619,0.020234894,0.043733482,0.050260867,0.041122528,0.025456803,0.020887633,0.087466963,0.023498587,0.012402032,0.009791078,0.003263693,0.011096555,0.021540372,0.012402032,0.008485601,0.003263693,0.001958216,0.001305477,0.035900619,0.000652739,0.003916431,0,0,0.082245055,0.012402032,0.011096555,0.010443817,0.029373234,0.003916431,0.021540372,0.008485601,0.00456917,0.001958216,0.001958216,0.003916431,0.001305477,0.003263693,0,0,0.021540372,0.009138339,0.003916431,0.005221908,0.002610954,0.001958216,0.013054771,0.058746468,0.009791078,0.062010161,0.009138339,0.023498587,0.030025972,0.009791078,0.003916431,0,0.001958216,0,0.000652739,0.018929417,0,0.001958216,0.013707509,0.00456917,0,0,0.190599651,0.430807431,0.057440991,0.454306018,healthy
0.221633959,0.075698923,0.056188891,0.037459261,0,0.013266821,0.001560803,0.003902006,0.019510032,0.024192439,0.038239662,0.041361267,0.031216051,0.02497284,0.014827624,0.06789491,0.013266821,0.01248642,0.002341204,0.001560803,0.007804013,0.023412038,0.017168828,0.004682408,0.000780401,0,0.001560803,0.042922069,0.001560803,0.001560803,0.001560803,0.003121605,0.053067286,0.009364815,0.010145216,0.005462809,0.020290433,0.00624321,0.013266821,0.01248642,0.004682408,0.00624321,0.001560803,0.007023611,0.002341204,0.002341204,0.000780401,0.000780401,0.019510032,0.009364815,0.003121605,0.00624321,0.002341204,0.000780401,0.005462809,0.056188891,0.007023611,0.038239662,0.005462809,0.014047223,0.01872963,0.010145216,0.010925618,0.002341204,0.002341204,0.001560803,0.000780401,0.011706019,0.000780401,0.003902006,0.005462809,0,0.001560803,0,0.194319914,0.349619766,0.057749693,0.373812205,healthy
0.321783889,0.11804572,0.078697147,0.049841526,0.002623238,0.020985906,0.002623238,0.002623238,0.039348573,0.018362668,0.06383213,0.06383213,0.04459505,0.047218288,0.00961854,0.112799244,0.027981208,0.012241778,0.010492953,0.000874413,0.00961854,0.034102097,0.027106795,0.006120889,0.001748825,0.000874413,0.002623238,0.052464765,0.002623238,0.004372064,0.001748825,0.002623238,0.0891901,0.020985906,0.010492953,0.010492953,0.026232382,0.006120889,0.024483557,0.013116191,0.004372064,0.003497651,0.005246476,0.004372064,0,0.000874413,0.000874413,0.002623238,0.034102097,0.014865017,0.00961854,0.005246476,0.006995302,0,0.012241778,0.09880864,0.013990604,0.066455368,0.008744127,0.020985906,0.038474161,0.013116191,0.015739429,0.002623238,0.002623238,0.000874413,0,0.02535797,0,0.000874413,0.01923708,0.005246476,0,0,0.241337917,0.511531454,0.06383213,0.551754441,healthy
0.214652758,0.075616312,0.051223954,0.025205437,0.003252315,0.017074651,0.003252315,0.002439236,0.024392359,0.02357928,0.043093167,0.039027774,0.025205437,0.030896988,0.000813079,0.078055548,0.017074651,0.008943865,0.004878472,0.004065393,0.00569155,0.019513887,0.015448494,0.004065393,0,0.000813079,0.000813079,0.045532403,0.004878472,0.003252315,0.000813079,0.004065393,0.052037032,0.016261573,0.00569155,0.008943865,0.017074651,0.00569155,0.008943865,0.008130786,0.006504629,0.000813079,0,0.006504629,0,0.002439236,0.000813079,0.003252315,0.030896988,0.009756944,0.009756944,0.007317708,0.00569155,0.000813079,0.011383101,0.054476268,0.008943865,0.055289347,0.013822337,0.020326966,0.021953123,0.014635415,0.00569155,0.000813079,0.001626157,0,0,0.002439236,0.000813079,0.000813079,0,0.000813079,0,0,0.222783544,0.360193832,0.068298605,0.404913156,healthy
0.113300436,0.037147684,0.026003379,0.020431226,0,0.00464346,0.000928692,0,0.011144305,0.010215613,0.02228861,0.016716458,0.016716458,0.016716458,0.005572153,0.043648529,0.012072997,0.003714768,0.006500845,0.002786076,0.006500845,0.010215613,0.007429537,0.002786076,0.000928692,0,0.000928692,0.016716458,0.000928692,0.000928692,0,0.001857384,0.033432916,0.00464346,0.006500845,0.001857384,0.012072997,0.003714768,0.009286921,0.010215613,0.000928692,0.006500845,0.002786076,0.005572153,0,0.005572153,0,0,0.018573842,0.00464346,0.005572153,0.00464346,0.00464346,0.000928692,0.005572153,0.034361608,0.002786076,0.036218992,0.005572153,0.012072997,0.01764515,0.005572153,0.010215613,0.001857384,0.000928692,0.001857384,0.000928692,0.016716458,0,0.001857384,0.012072997,0.002786076,0,0,0.159735041,0.226600872,0.040862452,0.252604251,healthy
0.135212894,0.053067426,0.04216316,0.036347552,0.000726951,0.002907804,0.002180853,0,0.010904266,0.008723412,0.028351091,0.022535482,0.015992923,0.010177315,0.006542559,0.046524867,0.007996461,0.005815608,0.003634755,0,0.005815608,0.011631217,0.009450364,0.001453902,0,0.001453902,0,0.020354629,0.002180853,0.003634755,0.002907804,0.002180853,0.029804993,0.010177315,0.004361706,0.003634755,0.005088657,0.003634755,0.007996461,0.008723412,0.004361706,0.002907804,0.001453902,0.002907804,0.000726951,0.000726951,0,0.000726951,0.01381207,0.00726951,0.002180853,0.002907804,0.002180853,0.000726951,0.010177315,0.035620601,0.003634755,0.033439748,0.006542559,0.015265972,0.011631217,0.007996461,0.00726951,0.002180853,0.002180853,0.002180853,0.000726951,0.005088657,0,0,0.002180853,0.002180853,0,0,0.146117159,0.225354823,0.03489365,0.254432864,healthy
0.178132376,0.045765235,0.032387705,0.023234658,0.001408161,0.005632644,0.000704081,0.001408161,0.01337753,0.021826497,0.059142765,0.023938738,0.017602013,0.021122416,0.004224483,0.047877477,0.016193852,0.008448966,0.004224483,0.004224483,0.007040805,0.014081611,0.01267345,0.000704081,0,0,0.000704081,0.02605098,0.004928564,0.001408161,0,0.002112242,0.034499946,0.004928564,0.005632644,0.004224483,0.009857128,0.003520403,0.008448966,0.006336725,0.004928564,0.000704081,0.000704081,0.009857128,0.000704081,0.001408161,0,0.006336725,0.030979544,0.01267345,0.007744886,0.009153047,0.009857128,0,0.007040805,0.028163222,0.006336725,0.048581557,0.003520403,0.021122416,0.023938738,0.016897933,0.014081611,0.003520403,0.002816322,0,0,0.007040805,0,0.002112242,0.002816322,0.001408161,0,0,0.185877262,0.309091356,0.048581557,0.344999464,healthy
0.118695032,0.038257076,0.02942852,0.020599964,0.000980951,0.005885704,0.000980951,0.000980951,0.008828556,0.005885704,0.019619013,0.021580915,0.012752359,0.013733309,0.020599964,0.045123731,0.007847605,0.001961901,0.005885704,0.000980951,0.004904753,0.006866655,0.002942852,0.003923803,0.000980951,0.000980951,0.000980951,0.02844757,0.000980951,0.001961901,0,0.001961901,0.030409471,0.008828556,0.001961901,0.002942852,0.009809507,0.001961901,0.007847605,0.009809507,0.003923803,0.005885704,0,0.002942852,0.000980951,0,0,0.001961901,0.012752359,0.007847605,0.002942852,0.002942852,0.000980951,0.000980951,0.001961901,0.042180879,0.003923803,0.034333274,0.005885704,0.007847605,0.019619013,0.009809507,0.004904753,0.000980951,0,0,0.001961901,0.005885704,0,0,0.003923803,0.001961901,0,0,0.134390242,0.213847247,0.033352323,0.226599606,healthy
0.311778829,0.107615967,0.078098444,0.063339683,0.002459794,0.006764432,0.002459794,0.003074742,0.028902574,0.025827832,0.073178857,0.052270612,0.035052058,0.036896903,0.011069071,0.090397412,0.030747419,0.014758761,0.006149484,0.004919587,0.01537371,0.030747419,0.023982987,0.006764432,0.000614948,0.001844845,0.002459794,0.051655664,0.00368969,0.005534535,0.001229897,0.004304639,0.079943289,0.017218555,0.011684019,0.009224226,0.02644278,0.010454122,0.018448451,0.013528864,0.004304639,0.004304639,0.004304639,0.012913916,0.002459794,0.001844845,0,0.004919587,0.046121129,0.0190634,0.011684019,0.009839174,0.007994329,0.002459794,0.012913916,0.070719064,0.016603606,0.075638651,0.013528864,0.02644278,0.035052058,0.023368038,0.012298968,0.001844845,0.004919587,0,0,0.015988658,0.001229897,0.002459794,0.010454122,0.001844845,0,0,0.246594301,0.537464885,0.099006689,0.582971065,healthy
0.145448632,0.041939176,0.026769687,0.016061812,0.000892323,0.008923229,0.000892323,0,0.015169489,0.012492521,0.03390827,0.018738781,0.034800593,0.021415749,0.008030906,0.038369884,0.012492521,0.004461614,0.008923229,0,0.005353937,0.019631104,0.013384843,0.00624626,0.000892323,0.001784646,0.001784646,0.023200395,0,0.002676969,0,0.003569292,0.041939176,0.005353937,0.007138583,0.001784646,0.013384843,0.003569292,0.016954135,0.00624626,0.001784646,0.002676969,0.001784646,0.005353937,0.003569292,0.000892323,0.000892323,0,0.015169489,0.005353937,0.002676969,0.001784646,0.003569292,0.001784646,0.004461614,0.030338978,0.005353937,0.054431697,0.008923229,0.021415749,0.024985041,0.009815552,0.004461614,0.000892323,0.007138583,0.000892323,0,0.011600198,0,0.000892323,0.008030906,0.002676969,0,0,0.185603162,0.255204348,0.045508468,0.289112618,healthy
0.220718961,0.080448967,0.049507057,0.041255881,0.001031397,0.004125588,0,0.003094191,0.03094191,0.016502352,0.040224484,0.03816169,0.031973307,0.029910513,0.007219779,0.067040806,0.011345367,0.006188382,0.007219779,0,0.009282573,0.009282573,0.009282573,0,0,0,0,0.023722131,0,0.001031397,0,0,0.055695439,0.008251176,0.009282573,0.006188382,0.016502352,0.005156985,0.013408161,0.007219779,0.002062794,0.004125588,0,0.003094191,0.002062794,0,0,0.001031397,0.022690734,0.005156985,0.007219779,0.006188382,0.006188382,0,0.012376764,0.046412866,0.01031397,0.039193087,0.007219779,0.015470955,0.017533749,0.023722131,0.006188382,0,0.002062794,0,0,0.005156985,0.001031397,0.002062794,0.002062794,0,0,0,0.188745654,0.334172633,0.062915218,0.359957558,healthy
0.158592938,0.052283386,0.041826709,0.032241421,0,0.008713898,0,0.00087139,0.010456677,0.019170575,0.033984201,0.024398914,0.017427795,0.018299185,0.003485559,0.052283386,0.013070847,0.005228339,0.006971118,0.005228339,0.002614169,0.009585287,0.007842508,0.00174278,0.00087139,0,0.00087139,0.030498642,0.00087139,0.00174278,0,0,0.023527524,0.006099728,0.00174278,0.005228339,0.006971118,0.003485559,0.005228339,0.011328067,0.005228339,0.004356949,0.00087139,0.005228339,0.00174278,0,0,0.003485559,0.011328067,0.005228339,0.00174278,0.003485559,0.00087139,0,0.005228339,0.041826709,0.004356949,0.044440878,0.007842508,0.016556406,0.022656134,0.011328067,0.011328067,0.002614169,0.003485559,0,0,0.002614169,0,0.00087139,0.00174278,0,0,0,0.190834359,0.266645269,0.049669217,0.321542825,healthy
0.304819568,0.092480188,0.066926452,0.048673783,0.001216845,0.006692645,0.006692645,0.003650534,0.025553736,0.031029537,0.063884341,0.051715895,0.045631672,0.033463226,0.016427402,0.097955989,0.023728469,0.012776868,0.004258956,0.003650534,0.01581898,0.027379003,0.022511625,0.004867378,0.001216845,0.000608422,0.001825267,0.047456939,0.006084223,0.004258956,0.007301067,0.006084223,0.087004388,0.012776868,0.004867378,0.016427402,0.043197983,0.00790949,0.020686358,0.014602135,0.00790949,0.004258956,0.001216845,0.007301067,0.001825267,0.001825267,0.000608422,0.004258956,0.038330604,0.015210557,0.00790949,0.009734757,0.006692645,0.001216845,0.007301067,0.082745432,0.016427402,0.082745432,0.008517912,0.027379003,0.051107472,0.012776868,0.017644246,0.006084223,0.007301067,0.001216845,0,0.022511625,0.000608422,0.003042111,0.017644246,0.001216845,0,0,0.216598336,0.530544238,0.070576986,0.561573775,healthy
0.285163256,0.106107258,0.077369876,0.059685333,0.003315852,0.004421136,0.004973778,0.004973778,0.028737382,0.020447753,0.060237975,0.059132691,0.024316247,0.035369086,0.019895111,0.109975752,0.021000395,0.009394913,0.012158123,0.004973778,0.014921333,0.025974173,0.019342469,0.006079062,0.002210568,0.001657926,0.000552642,0.043658715,0.006079062,0.002210568,0.003315852,0.004421136,0.066869678,0.019342469,0.011052839,0.007184346,0.017684543,0.00552642,0.016026617,0.017131901,0.006079062,0.009394913,0.001657926,0.007184346,0.001105284,0.002210568,0,0.003868494,0.032605876,0.013816049,0.007736988,0.008842271,0.00276321,0.001657926,0.016579259,0.091185925,0.00552642,0.066869678,0.014921333,0.024868889,0.02818474,0.008842271,0.014368691,0.00552642,0.003868494,0.001105284,0.000552642,0.006079062,0,0,0.00276321,0.003315852,0,0,0.193424689,0.45758755,0.052500987,0.493509278,patient
0.286520959,0.092816649,0.074253319,0.06860361,0,0,0.004035506,0.001614203,0.01856333,0.029055647,0.078288826,0.052461584,0.023405938,0.028248545,0.012106519,0.106537371,0.024213039,0.016142026,0.004035506,0.005649709,0.010492317,0.016949127,0.012913621,0.004035506,0,0,0.002421304,0.045197672,0.003228405,0.009685216,0.000807101,0.007263912,0.074253319,0.016949127,0.007263912,0.016949127,0.020177532,0.000807101,0.016949127,0.015334925,0.011299418,0.001614203,0.002421304,0.007263912,0.001614203,0.003228405,0,0.002421304,0.046004774,0.01856333,0.009685216,0.012106519,0.005649709,0.002421304,0.011299418,0.081517231,0.013720722,0.056497091,0.003228405,0.030669849,0.022598836,0.033898254,0.007263912,0.002421304,0.003228405,0.000807101,0.000807101,0.003228405,0,0,0.000807101,0.001614203,0,0,0.192897209,0.472961358,0.089588244,0.497981499,patient
0.310798665,0.100321088,0.079666746,0.050652314,0.00393416,0.00442593,0.013769561,0.006884781,0.020654342,0.033440363,0.080158516,0.048193464,0.029014432,0.039833373,0.008851861,0.095895158,0.020162572,0.011310711,0.007868321,0.00344239,0.008360091,0.022129652,0.018195491,0.00393416,0.00098354,0.00098354,0.00049177,0.057045325,0.00393416,0.0049177,0.016720181,0.00245885,0.047209924,0.007868321,0.00442593,0.008851861,0.010818941,0.00442593,0.013277791,0.017211951,0.010327171,0.006393011,0.00049177,0.011310711,0.00098354,0.00344239,0.00049177,0.006884781,0.031473282,0.014753101,0.00442593,0.007376551,0.00540947,0.00295062,0.016228411,0.065897185,0.015736641,0.090485687,0.019670802,0.036882753,0.035899213,0.012294251,0.017703721,0.00295062,0.007376551,0.00098354,0,0.00393416,0,0.00049177,0.00295062,0.00049177,0,0,0.223755368,0.497671279,0.063438335,0.544881203,patient
0.28084934,0.110031385,0.078483925,0.058093494,0.001923626,0.012695929,0.001923626,0.003847251,0.03154746,0.03000856,0.048475366,0.051937892,0.028854384,0.03231691,0.008079228,0.100413257,0.016158455,0.005001427,0.011926479,0.005001427,0.008848678,0.017312631,0.010772303,0.006540327,0.001154175,0.0015389,0.0015389,0.049244816,0.004616701,0.002308351,0.004231976,0.002308351,0.056554593,0.008463953,0.010002853,0.01423483,0.012695929,0.007309777,0.012695929,0.021159882,0.008848678,0.010387578,0.001154175,0.011541754,0.003847251,0.003462526,0.0015389,0.002308351,0.020775157,0.007694502,0.003847251,0.003847251,0.004616701,0.001154175,0.022314057,0.067711622,0.009233403,0.062710195,0.013465379,0.024237683,0.025391858,0.004616701,0.008463953,0.003462526,0.002308351,0.0015389,0.000384725,0.006925052,0.002693076,0.00076945,0.002308351,0.0015389,0,0,0.162738727,0.430507413,0.045012839,0.464747949,patient
0.238797311,0.090970404,0.072492041,0.063252859,0.004264238,0.000710706,0.002842825,0.001421413,0.017767657,0.017056951,0.049038733,0.041931671,0.031981783,0.024164014,0.012792713,0.095234642,0.021321188,0.009949888,0.006396357,0.002132119,0.014214126,0.021321188,0.013503419,0.007817769,0.002132119,0,0.004264238,0.042642377,0.011371301,0.002132119,0.007817769,0.001421413,0.063963565,0.018478363,0.007107063,0.003553531,0.023453307,0.007107063,0.009239182,0.009949888,0.002842825,0.004974944,0.002132119,0.010660594,0.002132119,0.001421413,0,0.00568565,0.041931671,0.019899776,0.012792713,0.007817769,0.003553531,0.001421413,0.007817769,0.071070628,0.016346244,0.066095684,0.012082007,0.023453307,0.031981783,0.016346244,0.013503419,0.006396357,0.007107063,0,0.000710706,0.007107063,0,0,0.00568565,0.001421413,0,0,0.21605471,0.427134476,0.064674272,0.454852021,patient
0.333193678,0.131988412,0.092756188,0.068095932,0.003923222,0.012049898,0.006165064,0.002522072,0.039232224,0.022698644,0.054925114,0.059689027,0.044836828,0.043996137,0.01541266,0.121619896,0.01625335,0.010648747,0.019896342,0.004763913,0.008687135,0.019896342,0.014571969,0.004763913,0.001401151,0.001401151,0.001120921,0.053523963,0.000840691,0.004763913,0.004763913,0.003923222,0.077903989,0.01569289,0.007005754,0.012049898,0.027742787,0.003082532,0.025220716,0.019335882,0.006725524,0.006445294,0.004203453,0.008126675,0.001961611,0.000840691,0.00028023,0.005044143,0.03138578,0.011769667,0.005604603,0.006445294,0.008967366,0.001401151,0.017654501,0.088272505,0.01541266,0.081827211,0.018775422,0.027742787,0.037831074,0.005884834,0.008687135,0.004763913,0.002522072,0,0.00028023,0.006725524,0.00056046,0.001401151,0.002802302,0.001401151,0,0,0.145719691,0.503573624,0.049040281,0.535519864,patient
0.179764046,0.071115447,0.059262872,0.055312014,0.000987715,0.000987715,0.000987715,0.000987715,0.011852574,0.012840289,0.044447154,0.031606865,0.016791147,0.015803433,0.004938573,0.064201445,0.011852574,0.007901716,0.006914002,0.001975429,0.004938573,0.018766576,0.014815718,0.003950858,0.001975429,0.000987715,0.000987715,0.027656007,0.007901716,0.000987715,0.003950858,0.000987715,0.031606865,0.01086486,0.004938573,0.002963144,0.005926287,0.002963144,0.004938573,0.013828004,0.003950858,0.004938573,0.004938573,0.005926287,0.001975429,0.000987715,0,0.001975429,0.022717434,0.01086486,0.004938573,0.004938573,0.003950858,0.000987715,0.011852574,0.048398012,0.004938573,0.040496296,0.008889431,0.012840289,0.018766576,0.005926287,0.012840289,0.006914002,0.003950858,0.004938573,0.000987715,0.005926287,0,0,0.003950858,0.001975429,0,0,0.18272719,0.303228363,0.042471725,0.331872085,patient
0.154864827,0.055112038,0.039680668,0.02810714,0.00055112,0.009920167,0.001102241,0,0.015431371,0.01432913,0.031413862,0.02865826,0.017635852,0.008817926,0.011022408,0.053458677,0.01377801,0.006062324,0.007164565,0.001102241,0.007715685,0.01488025,0.011022408,0.003306722,0.00055112,0.001102241,0.00055112,0.02920938,0.00055112,0.00055112,0.00055112,0.001102241,0.041885149,0.008817926,0.004960083,0.004408963,0.010471287,0.006062324,0.010471287,0.01432913,0.004408963,0.006613445,0.003306722,0.006062324,0.00055112,0.001653361,0.001102241,0.002204482,0.008266806,0.002755602,0.001653361,0.001102241,0.001653361,0.001102241,0.006062324,0.045742992,0.001653361,0.025351538,0.006062324,0.011573528,0.009920167,0.004408963,0.011022408,0.00055112,0.001102241,0.00055112,0.00055112,0.003857843,0,0,0.003306722,0.00055112,0,0,0.152660346,0.251310894,0.039129547,0.294849405,patient
0.074874924,0.024364063,0.017827363,0.013667645,0,0.003565473,0,0.000594245,0.0065367,0.008913681,0.019015854,0.013073399,0.008913681,0.005942454,0.007725191,0.024364063,0.004753963,0.001188491,0.003565473,0.001782736,0.004159718,0.013073399,0.010696418,0.001188491,0,0,0.001188491,0.01426189,0.003565473,0.000594245,0,0.004159718,0.023769817,0.004753963,0.003565473,0.002971227,0.005348209,0.005942454,0.002971227,0.010102172,0.003565473,0.004753963,0.000594245,0.0065367,0.002971227,0.001188491,0,0.001188491,0.0065367,0.002971227,0.001782736,0.002376982,0,0,0.002971227,0.019610099,0.002971227,0.02079859,0.002971227,0.010696418,0.005942454,0.003565473,0.007725191,0.002376982,0.001188491,0,0,0.002971227,0,0.000594245,0.001188491,0.001188491,0,0,0.10399295,0.144995885,0.021392836,0.168171457,patient
0.303484751,0.118946443,0.094471866,0.061186442,0.004405424,0.017132204,0.007342373,0.004405424,0.024474577,0.026922034,0.065102374,0.049438645,0.035732882,0.037201357,0.010768814,0.110135595,0.020558644,0.013705763,0.009789831,0.001468475,0.005384407,0.020558644,0.014195255,0.005873898,0.001468475,0.000978983,0.000978983,0.066570849,0.004405424,0.003915932,0.00636339,0.005873898,0.054823052,0.013705763,0.009300339,0.007342373,0.010279322,0.006852881,0.014684746,0.026922034,0.009789831,0.011258305,0.005873898,0.013216271,0.004405424,0.002936949,0,0.005873898,0.042585764,0.015663729,0.007831865,0.008321356,0.010768814,0.002447458,0.014195255,0.088108476,0.010279322,0.077339662,0.016642712,0.031327458,0.029369492,0.015663729,0.015663729,0.005873898,0.003426441,0.002936949,0,0.007342373,0,0.000489492,0.003915932,0.001957966,0,0,0.23299797,0.506134247,0.079297629,0.557530858,patient
0.326952372,0.123620422,0.097275086,0.064850057,0.002702086,0.022967729,0.003377607,0.003377607,0.026345336,0.018239079,0.053366193,0.074982879,0.038504721,0.035127114,0.015536993,0.129024593,0.01418595,0.0094573,0.011483864,0.002702086,0.008781779,0.016212514,0.010132821,0.006079693,0.002026564,0.003377607,0,0.054717236,0.003377607,0.001351043,0.005404171,0.002702086,0.064850057,0.011483864,0.010132821,0.010808343,0.020265643,0.006755214,0.013510429,0.0189146,0.0094573,0.007430736,0.001351043,0.010132821,0.002026564,0.002026564,0,0.005404171,0.017563557,0.00472865,0.006079693,0.004053129,0.00472865,0.000675521,0.014861471,0.100652693,0.012834907,0.074982879,0.015536993,0.022967729,0.041206807,0.006755214,0.011483864,0.004053129,0.007430736,0.000675521,0.002026564,0.006755214,0.000675521,0,0.003377607,0.002702086,0,0,0.219544465,0.497859294,0.056068279,0.528933279,patient
0.13236865,0.036926877,0.021019914,0.015906962,0,0.003408635,0.000568106,0.001136212,0.015906962,0.011930222,0.035790665,0.027269078,0.01079401,0.014202645,0.01079401,0.047152781,0.016475068,0.006249164,0.005112952,0.001136212,0.005112952,0.021019914,0.017043174,0.003976741,0.000568106,0.001136212,0.000568106,0.016475068,0.002272423,0.002840529,0.001704317,0.000568106,0.034654453,0.00681727,0.005112952,0.005681058,0.005681058,0.003976741,0.009657799,0.005112952,0.002840529,0.001136212,0.000568106,0.011362116,0.004544846,0.001136212,0.000568106,0.005112952,0.014770751,0.003976741,0.004544846,0.003976741,0.006249164,0.001704317,0.005681058,0.034086348,0.002840529,0.04317604,0.007953481,0.016475068,0.020451809,0.009089693,0.005681058,0.000568106,0.002272423,0.000568106,0.000568106,0.003976741,0,0.001136212,0.001136212,0.001136212,0,0,0.15395667,0.234627693,0.063059743,0.265873512,patient
0.180153299,0.065173105,0.0439786,0.033911209,0.000529863,0.005298626,0.002649313,0.001589588,0.021194506,0.013246566,0.037090385,0.033911209,0.017485467,0.024903544,0.007418077,0.07206132,0.012186841,0.006888214,0.01006739,0.005298626,0.003709039,0.017485467,0.012186841,0.005298626,0.000529863,0.002119451,0.000529863,0.034970935,0.003179176,0.002649313,0.004768764,0.005828489,0.040269561,0.014306291,0.006888214,0.003179176,0.007418077,0.002119451,0.01006739,0.013776429,0.004768764,0.004768764,0.004238901,0.005298626,0.003179176,0.001589588,0.001059725,0.001589588,0.015366017,0.003709039,0.002119451,0.005298626,0.003709039,0.000529863,0.015366017,0.05404599,0.006358352,0.040269561,0.010597253,0.016425742,0.014306291,0.004238901,0.005828489,0.001589588,0.002119451,0.000529863,0.002119451,0.008477802,0.001589588,0,0.003709039,0.000529863,0.001059725,0,0.137764288,0.293543905,0.031791759,0.315268274,patient
0.151120408,0.055088228,0.046155001,0.032010727,0.001488871,0.008933226,0.001488871,0.002233307,0.008933226,0.018610888,0.03647734,0.023077501,0.011910968,0.016377581,0.004466613,0.056577099,0.012655404,0.008188791,0.002233307,0.002977742,0.005211049,0.018610888,0.01488871,0.003722178,0.000744436,0.001488871,0.001488871,0.031266291,0.004466613,0.001488871,0.004466613,0.002233307,0.030521856,0.008933226,0.002233307,0.007444355,0.005955484,0.002977742,0.005955484,0.013399839,0.008188791,0.002977742,0.002233307,0.008188791,0.000744436,0.000744436,0,0.005211049,0.019355323,0.008933226,0.002977742,0.005211049,0.003722178,0.000744436,0.005955484,0.045410566,0.005211049,0.033499598,0.007444355,0.013399839,0.013399839,0.010422097,0.01488871,0.002233307,0.000744436,0.000744436,0,0.001488871,0,0,0.000744436,0,0.000744436,0,0.164520247,0.267996783,0.035732904,0.292563154,patient
0.164550449,0.054500786,0.045067957,0.034062991,0.00524046,0.003144276,0.001572138,0.001048092,0.009432828,0.017817565,0.034587037,0.024630163,0.023582071,0.020961841,0.003144276,0.058169108,0.016769472,0.00786069,0.002096184,0.005764506,0.01310115,0.011529012,0.008908782,0.00262023,0.000524046,0.000524046,0.001048092,0.038779405,0.006288552,0.002096184,0.004192368,0.003144276,0.048212233,0.009956874,0.006812598,0.00262023,0.022009933,0.004716414,0.006812598,0.01310115,0.007336644,0.004192368,0.001572138,0.006288552,0.002096184,0.002096184,0.001048092,0.001048092,0.029346577,0.015197334,0.006288552,0.00786069,0.003144276,0,0.004192368,0.042971773,0.008384736,0.055548878,0.014149242,0.016245426,0.025154209,0.009432828,0.01310115,0.002096184,0.002096184,0.006288552,0,0.003668322,0.000524046,0,0.001048092,0.001572138,0,0,0.176079461,0.325956621,0.049784371,0.368404349,patient
0.59919638,0.206001745,0.155396969,0.110613981,0.008956598,0.013434896,0.012539237,0.009852257,0.050604777,0.070309291,0.127631516,0.092700785,0.058217885,0.087326827,0.018808855,0.194358168,0.039856859,0.022391494,0.014778386,0.012091407,0.027317623,0.055530905,0.043439498,0.012091407,0.00044783,0.003134809,0.004926129,0.117331429,0.016569706,0.003582639,0.022839324,0.003582639,0.130318495,0.020152345,0.016569706,0.020152345,0.043439498,0.018361025,0.042991669,0.030452432,0.008508768,0.013882726,0.007165278,0.024182814,0.008060938,0.008508768,0.00089566,0.005373959,0.088670316,0.027765453,0.014778386,0.029556772,0.021943664,0.003582639,0.033587241,0.139722923,0.023287154,0.139275093,0.028213282,0.051052606,0.061800524,0.043439498,0.012987067,0.005821788,0.014330556,0.007613108,0.00044783,0.012987067,0.00089566,0,0.008060938,0.004030469,0,0,0.310346107,0.995525825,0.131661985,1.063148137,patient
0.316851061,0.114650055,0.089635498,0.074348824,0.001389698,0.011117581,0.001389698,0.001389698,0.025014557,0.030573348,0.070874579,0.05280851,0.037521836,0.039606383,0.008338186,0.099363381,0.022930011,0.010422732,0.008338186,0.009727883,0.011117581,0.022930011,0.016676372,0.005558791,0,0.000694849,0.003474244,0.039606383,0.004169093,0.001389698,0.001389698,0.002779395,0.054893057,0.009727883,0.010422732,0.007643337,0.013202128,0.007643337,0.013896976,0.013202128,0.003474244,0.004169093,0.005558791,0.013896976,0.000694849,0.009727883,0.000694849,0.002779395,0.030573348,0.009033035,0.006253639,0.009033035,0.006948488,0.000694849,0.013896976,0.072264277,0.014591825,0.084076707,0.01181243,0.031963046,0.043080627,0.018066069,0.012507279,0.002084546,0.004169093,0.002084546,0.000694849,0.004169093,0,0.001389698,0.002084546,0.000694849,0,0,0.243197086,0.516967521,0.063926091,0.561437845,patient
0.288590341,0.101541046,0.072529319,0.054206122,0.003817333,0.007634665,0.003817333,0.003053866,0.029011727,0.025957861,0.06336772,0.05038879,0.023667462,0.039700259,0.010688531,0.097723713,0.016796263,0.01526933,0.003817333,0.003053866,0.009925065,0.020613596,0.016032797,0.004580799,0,0.000763467,0.0022904,0.043517591,0.006871199,0.0022904,0.003053866,0.006107732,0.064131187,0.009161598,0.007634665,0.012978931,0.019086663,0.005344266,0.021377062,0.011451998,0.003817333,0.004580799,0.0022904,0.012215464,0.003817333,0.0022904,0,0.006107732,0.024430928,0.011451998,0.003053866,0.006107732,0.006871199,0,0.008398132,0.064131187,0.016796263,0.062604254,0.011451998,0.021377062,0.031302127,0.018323196,0.009161598,0.003817333,0.001526933,0.000763467,0,0.009161598,0.000763467,0.000763467,0.007634665,0,0,0,0.208426358,0.455789507,0.06336772,0.491672433,patient
0.080105146,0.027825998,0.021923514,0.020237089,0,0.001686424,0,0,0.005902484,0.007588909,0.018550665,0.010961757,0.010118545,0.008432121,0.005902484,0.02866921,0.00421606,0.000843212,0.003372848,0,0.000843212,0.006745696,0.003372848,0.003372848,0,0.000843212,0.000843212,0.013491393,0.003372848,0,0.000843212,0.002529636,0.023609938,0.006745696,0.00421606,0.001686424,0.00421606,0.00421606,0.002529636,0.005902484,0.003372848,0.002529636,0,0.005059272,0,0.001686424,0,0.003372848,0.008432121,0.003372848,0.001686424,0.002529636,0.000843212,0,0.001686424,0.023609938,0.001686424,0.019393877,0.002529636,0.008432121,0.009275333,0.010961757,0.00421606,0,0.001686424,0,0,0.000843212,0,0,0.000843212,0,0,0,0.105401508,0.139973202,0.02445315,0.162739928,patient
0.176366799,0.067214708,0.035618051,0.024128357,0.000574485,0.006319332,0.003446908,0.001148969,0.031596658,0.026426296,0.036192535,0.025277326,0.014936602,0.014362117,0.006893816,0.056299499,0.012064178,0.004595877,0.016085571,0.001148969,0.006319332,0.013787632,0.010340724,0.003446908,0.002872423,0,0.000574485,0.043086351,0.005170362,0.001723454,0.00861727,0.002872423,0.02814975,0.005744847,0.005170362,0.004595877,0.005744847,0.004021393,0.005170362,0.022979387,0.009191755,0.005744847,0.006893816,0.010915209,0.004021393,0.003446908,0.000574485,0.004021393,0.020106964,0.00976624,0.000574485,0.007468301,0.002872423,0,0.012638663,0.041937382,0.004021393,0.036192535,0.005170362,0.022404903,0.00976624,0.002872423,0.015511087,0.001148969,0.002872423,0.001723454,0.000574485,0.006893816,0,0.002872423,0.002297939,0.001148969,0,0,0.18268613,0.305051368,0.044235321,0.361350868,patient
0.162831085,0.063716512,0.05168117,0.036106023,0.002123884,0.00566369,0.007079612,0.000707961,0.012035341,0.024778643,0.029026411,0.02265476,0.010619419,0.020530876,0.008495535,0.055220977,0.01132738,0.004955729,0.003539806,0.002123884,0.004247767,0.019114953,0.01699107,0.002123884,0,0.001415922,0.000707961,0.031858256,0.002123884,0.001415922,0.006371651,0.00566369,0.034690101,0.01132738,0.004247767,0.004247767,0.006371651,0.003539806,0.008495535,0.007079612,0.002831845,0.001415922,0.002123884,0.01132738,0.002123884,0.004247767,0.001415922,0.003539806,0.019822915,0.006371651,0.006371651,0.004955729,0.004955729,0,0.007787574,0.041769713,0.007079612,0.031150295,0.004955729,0.01132738,0.014867186,0.01132738,0.004955729,0.002123884,0.001415922,0.000707961,0.000707961,0.002831845,0,0,0.002831845,0,0,0,0.15433555,0.266901387,0.027610488,0.293803914,patient
0.035215754,0.011738585,0.007470008,0.007470008,0,0,0,0,0.004268576,0.002134288,0.010671441,0.00533572,0.003201432,0.002134288,0.001067144,0.014940017,0.00533572,0.004268576,0.001067144,0.001067144,0.002134288,0.002134288,0.002134288,0,0,0,0,0.008537152,0.004268576,0.001067144,0.002134288,0.002134288,0.006402864,0,0.001067144,0.001067144,0.001067144,0.003201432,0,0.004268576,0.003201432,0,0.001067144,0.004268576,0.002134288,0,0,0.002134288,0.006402864,0.00533572,0.001067144,0,0,0,0.002134288,0.011738585,0.002134288,0.014940017,0.004268576,0.003201432,0.007470008,0,0.003201432,0.001067144,0,0,0,0.002134288,0,0,0.002134288,0,0,0,0.065095788,0.067230076,0.017074305,0.077901516,patient
0.094538286,0.0358439,0.027330974,0.014785609,0.000448049,0.009409024,0.001792195,0.000896097,0.008512926,0.008960975,0.020610242,0.016577804,0.010305121,0.012545365,0.002688292,0.034051705,0.008064877,0.005376585,0.004480487,0.003136341,0.003136341,0.010305121,0.008960975,0.000896097,0,0.000448049,0,0.025538779,0.002688292,0.000448049,0.00358439,0.002240244,0.027330974,0.004032439,0.00358439,0.008960975,0.008512926,0.002240244,0.00716878,0.008064877,0.004032439,0.001792195,0.002240244,0.00358439,0.000896097,0.001792195,0.000448049,0.000448049,0.011201219,0.004032439,0.001792195,0.004032439,0.001792195,0.000448049,0.004032439,0.025538779,0.001792195,0.024194632,0.00358439,0.011649267,0.009409024,0.002240244,0.006272682,0.001792195,0.000896097,0.002240244,0.000448049,0.001344146,0,0,0.000896097,0.000448049,0,0,0.112460236,0.165778037,0.022850486,0.195349254,patient
0.013615949,0.005606567,0.004004691,0.002402814,0,0.001601876,0,0,0.001601876,0.001601876,0.001601876,0.001601876,0.000800938,0.001601876,0.001601876,0.005606567,0.003203753,0.001601876,0.002402814,0.000800938,0,0.000800938,0.000800938,0,0,0,0,0.005606567,0.001601876,0,0.000800938,0.001601876,0.004805629,0.000800938,0.001601876,0.000800938,0,0,0.001601876,0.002402814,0.000800938,0.001601876,0,0.001601876,0,0,0,0.001601876,0.001601876,0.000800938,0,0.000800938,0,0,0.000800938,0.004004691,0.000800938,0.004004691,0,0.001601876,0.002402814,0,0,0.001601876,0.000800938,0,0,0.001601876,0,0.000800938,0.000800938,0,0,0,0.039245969,0.032037526,0.011213134,0.044051598,patient
